course_id,section_id,name,status
63,746,1,active
63,747,2,active
63,748,3,active
63,749,4,active
63,750,5,active
63,1141,6,active
64,1160,6,active
64,752,2,active
64,753,3,active
64,754,4,active
64,755,5,active
64,751,1,active
65,756,1,active
65,757,2,active
65,758,3,active
65,759,4,active
65,760,5,active
65,1193,6,active
66,763,1,active
67,764,1,active
68,1807,1,active
71,765,1,active
72,766,1,active
74,1408,4,active
74,768,1,active
74,769,2,active
74,1199,3,active
75,1103,5,active
75,770,1,active
75,1175,4,active
75,1194,3,active
75,771,2,active
76,2252,4,active
76,772,1,active
76,773,2,active
76,1161,3,active
77,782,3,active
77,785,6,active
77,786,7,active
77,780,1,active
77,784,5,active
77,781,2,active
77,783,4,active
78,791,5,active
78,787,1,active
78,788,2,active
78,790,4,active
78,789,3,active
78,792,6,active
78,793,7,active
79,798,5,active
79,796,3,active
79,797,4,active
79,800,7,active
79,799,6,active
79,794,1,active
79,795,2,active
80,803,3,active
80,804,4,active
80,807,7,active
80,805,5,active
80,806,6,active
80,801,1,active
80,802,2,active
81,812,5,active
81,811,4,active
81,813,6,active
81,814,7,active
81,808,1,active
81,809,2,active
81,810,3,active
82,815,1,active
83,817,2,active
83,816,1,active
84,819,2,active
84,818,1,active
85,820,1,active
86,822,2,active
86,824,4,active
86,823,3,active
86,821,1,active
87,827,3,active
87,826,2,active
87,825,1,active
88,828,1,active
89,829,1,active
91,830,1,active
92,831,1,active
93,832,1,active
94,833,1,active
95,839,5,active
95,835,1,active
95,838,4,active
95,841,7,active
95,840,6,active
95,837,3,active
95,836,2,active
96,845,4,active
96,844,3,active
96,847,6,active
96,846,5,active
96,842,1,active
96,843,2,active
97,851,4,active
97,850,3,active
97,852,5,active
97,853,6,active
97,849,2,active
97,848,1,active
98,857,4,active
98,856,3,active
98,859,6,active
98,858,5,active
98,855,2,active
98,854,1,active
99,863,4,active
99,862,3,active
99,865,6,active
99,864,5,active
99,861,2,active
99,860,1,active
100,869,4,active
100,868,3,active
100,871,6,active
100,870,5,active
100,866,1,active
100,867,2,active
101,873,2,active
101,874,3,active
101,872,1,active
102,875,1,active
103,876,1,active
104,878,2,active
104,877,1,active
105,880,2,active
105,879,1,active
105,883,5,active
105,881,3,active
105,882,4,active
105,884,6,active
106,888,4,active
106,885,1,active
106,886,2,active
106,887,3,active
106,889,5,active
106,890,6,active
107,899,2,active
107,898,1,active
108,900,1,active
108,901,2,active
109,904,3,active
109,903,2,active
109,902,1,active
110,906,2,active
110,905,1,active
110,907,3,active
111,909,2,active
111,908,1,active
112,910,1,active
112,911,2,active
113,912,1,active
114,913,1,active
115,918,5,active
115,917,4,active
115,921,8,active
115,919,6,active
115,920,7,active
115,916,3,active
115,914,1,active
115,915,2,active
116,924,3,active
116,927,6,active
116,925,4,active
116,926,5,active
116,929,8,active
116,922,1,active
116,923,2,active
116,928,7,active
117,935,6,active
117,930,1,active
117,937,8,active
117,933,4,active
117,936,7,active
117,932,3,active
117,931,2,active
117,934,5,active
118,938,1,active
118,939,2,active
119,940,1,active
119,941,2,active
120,943,2,active
120,942,1,active
121,945,2,active
121,944,1,active
122,947,2,active
122,946,1,active
123,950,3,active
123,949,2,active
123,948,1,active
124,952,2,active
124,951,1,active
124,953,3,active
125,957,4,active
125,954,1,active
125,958,5,active
125,955,2,active
125,956,3,active
126,961,3,active
126,960,2,active
126,963,5,active
126,959,1,active
126,962,4,active
127,983,6,active
127,965,2,active
127,980,3,active
127,982,5,active
127,964,1,active
127,981,4,active
128,967,5,active
128,966,4,active
128,986,3,active
128,968,6,active
128,984,1,active
128,985,2,active
130,969,1,active
131,970,1,active
132,972,2,active
132,971,1,active
133,973,1,active
133,974,2,active
134,976,1,active
135,977,1,active
136,978,1,active
137,979,1,active
138,990,1,active
139,991,1,active
140,993,2,active
140,992,1,active
141,994,1,active
142,996,2,active
142,995,1,active
143,1002,5,active
143,1000,3,active
143,1001,4,active
143,1004,7,active
143,1003,6,active
143,999,2,active
143,998,1,active
144,1005,1,active
145,1007,1,active
146,1008,1,active
147,1009,1,active
148,1010,1,active
149,1012,1,active
149,1013,2,active
149,1014,3,active
150,1017,3,active
150,1015,1,active
150,1016,2,active
150,1361,5,active
150,1294,4,active
151,1706,4,active
151,1018,1,active
151,1019,2,active
151,1020,3,active
152,1023,2,active
152,1022,1,active
153,1024,1,active
153,1025,2,active
154,1027,2,active
154,1026,1,active
155,1028,1,active
155,1029,2,active
156,1031,2,active
156,1030,1,active
157,1033,2,active
157,1032,1,active
158,1034,1,active
159,1037,2,active
159,1036,1,active
160,1038,1,active
160,1039,2,active
161,1041,2,active
161,1040,1,active
162,1042,1,active
162,1043,2,active
163,1044,1,active
164,1045,1,active
165,1046,1,active
166,1048,1,active
167,1050,2,active
167,1051,3,active
167,1049,1,active
168,1056,2,active
168,1057,3,active
168,1055,1,active
169,1059,2,active
169,1058,1,active
169,1060,3,active
170,1061,1,active
171,1062,1,active
174,1063,1,active
175,1064,1,active
176,1066,2,active
176,1065,1,active
177,1067,1,active
178,1068,1,active
179,1069,1,active
180,1070,1,active
183,1073,1,active
184,1075,2,active
184,1074,1,active
185,1076,1,active
185,1077,2,active
186,1078,1,active
187,1081,3,active
187,1082,4,active
187,1080,2,active
187,1079,1,active
188,1083,1,active
188,1084,2,active
189,1086,2,active
189,1087,3,active
189,1088,4,active
189,1085,1,active
190,1090,2,active
190,1089,1,active
191,1092,2,active
191,1091,1,active
192,583,1,active
193,586,2,active
193,1162,3,active
193,585,1,active
194,588,2,active
194,587,1,active
195,590,2,active
195,591,3,active
195,589,1,active
196,593,2,active
196,594,3,active
196,592,1,active
197,596,2,active
197,597,3,active
197,595,1,active
198,598,1,active
198,599,2,active
199,601,2,active
199,602,3,active
199,600,1,active
200,604,2,active
200,603,1,active
201,605,1,active
202,606,1,active
203,607,1,active
204,608,1,active
205,1100,3,active
205,1099,1,active
205,1101,5,active
205,1104,12,active
205,1119,7,active
205,1147,20,active
205,1156,4,active
205,1459,6,active
205,1377,elp,active
205,1456,ELP4,active
205,1457,ELP2,active
205,1458,2,active
205,1364,xx,active
205,1181,10,active
206,1183,4,active
206,1182,1,active
206,1281,7,active
206,1105,3,active
206,1120,5,active
206,1363,xx,active
206,1362,x,active
206,1673,ELP,active
206,1669,8,active
206,1674,ELP2,active
206,1675,ELP4,active
206,1701,9,active
206,1280,6,active
206,1656,2,active
207,1124,9,active
207,1184,1,active
207,1106,3,active
207,1107,8,active
207,1121,2,active
207,1123,6,active
207,1125,11,active
207,1851,4,active
207,1852,7,active
207,1108,10,active
207,1122,5,active
207,2257,csh,active
207,2258,ba,active
207,2198,ELP1,active
207,2261,12,active
208,1098,1,active
209,1180,2,active
210,1097,3,active
211,614,1,active
212,615,1,active
213,1616,1,active
214,1306,2,active
214,618,1,active
216,1612,1,active
217,1611,1,active
217,1710,S27,active
218,1614,2,active
218,1613,1,active
219,1609,1,active
220,1608,1,active
223,1206,1,active
224,1207,1,active
224,1132,2,active
225,1288,2,active
225,1208,1,active
226,1210,2,active
226,1209,1,active
227,1211,1,active
228,1212,1,active
229,1213,1,active
230,1219,2,active
230,1220,3,active
230,1218,1,active
231,1221,1,active
234,1224,3,active
234,1222,1,active
234,1223,2,active
237,1617,4,active
237,1301,1,active
237,1358,2,active
237,1381,3,active
238,1620,5,active
238,1298,1,active
238,1351,2,active
238,1453,ELP,active
238,1370,4,active
238,1352,3,active
239,1127,5,active
239,1283,6,active
239,1111,1,active
239,1126,4,active
239,1171,7,active
239,1112,2,active
240,1172,2,active
240,1284,1,active
240,1113,6,active
240,1128,4,active
240,1129,5,active
240,1130,7,active
241,1285,4,active
241,1114,1,active
241,1115,2,active
241,1116,6,active
241,1131,5,active
241,1173,7,active
242,1133,3,active
242,1231,1,active
242,1232,2,active
243,1117,3,active
243,1233,1,active
243,1234,2,active
244,1235,1,active
244,1236,2,active
244,1148,3,active
262,1321,1,active
266,1707,5,active
270,1243,1,active
271,1244,1,active
272,1245,1,active
273,1246,1,active
274,1247,1,active
275,1248,1,active
276,1249,1,active
277,1179,1,active
278,1250,1,active
279,1251,1,active
280,1252,1,active
281,1253,1,active
282,1254,1,active
283,1255,1,active
284,1256,1,active
285,1257,1,active
286,1214,1,active
287,1215,1,active
288,1216,1,active
289,1217,1,active
290,1258,1,active
291,1259,1,active
292,1260,1,active
293,1271,1,active
294,1261,1,active
295,1262,1,active
296,1263,1,active
297,1264,1,active
298,1265,1,active
299,1266,1,active
300,1267,1,active
301,1268,1,active
302,1269,1,active
303,1270,1,active
304,1093,1,active
305,1272,1,active
306,1273,1,active
307,1274,1,active
312,1324,1,active
312,1703,3,active
312,1702,2,active
313,1762,1,active
314,1761,1,active
315,1776,1,active
318,1337,1,active
318,1338,2,active
318,1339,3,active
318,1340,4,active
318,1341,5,active
318,1342,6,active
318,1343,7,active
318,1344,8,active
319,1626,1,active
320,1767,1,active
321,1768,1,active
322,1766,1,active
323,1777,1,active
325,1623,1,active
329,1507,1,active
330,1461,1,active
332,1622,1,active
335,1758,1,active
335,1764,2,active
403,987,1,active
404,988,1,active
405,893,3,active
405,891,1,active
405,892,2,active
405,894,4,active
405,895,5,active
405,896,6,active
405,897,7,active
406,834,1,active
407,1276,2,active
407,1275,1,active
407,1277,6,active
407,1278,7,active
407,1095,4,active
407,1096,5,active
409,1621,1,active
410,1751,1,active
411,1760,1,active
412,1624,1,active
413,1765,1,active
416,1460,1,active
417,1756,1,active
422,1775,1,active
424,1462,1,active
425,1759,1,active
426,1322,1,active
427,1323,1,active
431,1326,1,active
439,1625,1,active
439,2262,2,active
440,1327,1,active
441,1755,1,active
450,1627,1,active
451,1325,1,active
461,1329,1,active
461,1330,2,active
461,1331,3,active
461,1332,4,active
461,1333,5,active
461,1334,6,active
461,1335,7,active
461,1336,8,active
471,2263,1,active
472,1328,1,active
475,635,2,active
475,634,1,active
476,637,2,active
476,636,1,active
477,1011,1,active
478,1155,1,active
480,1035,1,active
481,1047,1,active
484,1071,1,active
485,1072,1,active
486,582,1,active
487,584,1,active
488,1006,1,active
489,1094,1,active
493,1237,1,active
494,1239,1,active
495,975,1,active
497,1205,1,active
498,639,2,active
498,638,1,active
499,1292,1,active
500,1197,1,active
501,1142,1,active
502,1166,3,active
502,640,1,active
502,1165,2,active
503,1143,2,active
503,641,1,active
504,1177,2,active
504,642,1,active
505,1376,3,active
505,643,1,active
505,1138,2,active
506,1191,3,active
506,645,2,active
506,644,1,active
507,647,2,active
507,646,1,active
509,1163,3,active
509,657,1,active
509,658,2,active
510,659,1,active
510,660,2,active
511,662,2,active
511,661,1,active
512,663,1,active
512,664,2,active
513,666,2,active
513,665,1,active
514,667,1,active
514,668,2,active
515,670,2,active
515,669,1,active
516,672,2,active
516,671,1,active
517,674,2,active
517,673,1,active
518,682,2,active
518,681,1,active
518,1140,3,active
519,1159,3,active
519,683,1,active
519,684,2,active
520,1655,5,active
520,685,1,active
520,686,2,active
520,1192,3,active
520,1289,4,active
521,691,1,active
521,692,3,active
522,694,2,active
522,693,1,active
523,696,2,active
523,695,1,active
524,699,3,active
524,697,1,active
524,698,2,active
525,700,1,active
525,701,2,active
526,702,1,active
527,705,3,active
527,704,2,active
527,703,1,active
528,1652,2,active
529,1198,3,active
529,707,1,active
529,708,2,active
530,1164,1,active
530,709,2,active
531,712,3,active
531,710,1,active
531,711,2,active
532,713,1,active
532,714,2,active
533,715,1,active
534,716,1,active
534,717,2,active
535,718,1,active
536,719,1,active
537,720,1,active
538,721,1,active
538,1158,2,active
540,1195,1,active
541,1196,1,active
541,1657,2,active
542,1665,2,active
542,1291,1,active
543,1812,2,active
543,1102,1,active
544,997,1,active
545,722,1,active
545,1666,2,active
547,724,1,active
548,1664,2,active
548,1815,3,active
548,725,1,active
549,727,1,active
549,728,2,active
550,1279,3,active
550,730,2,active
550,729,1,active
551,731,1,active
553,1820,3,active
553,726,1,active
553,1118,2,active
554,733,2,active
554,732,1,active
555,734,1,active
556,735,1,active
557,767,1,active
558,2259,3,active
558,1806,2,active
558,761,1,active
560,687,1,active
561,688,1,active
562,1139,1,active
563,689,1,active
564,690,1,active
565,2199,1,active
567,739,1,active
568,741,1,active
569,742,1,active
571,650,1,active
571,1819,2,active
601,1802,3,active
601,1803,4,active
601,1816,5,active
601,1818,6,active
601,1407,2,active
601,651,1,active
602,1678,4,active
602,652,1,active
602,1663,2,active
602,1805,3,active
602,2260,8,active
602,1808,5,active
602,1810,7,active
602,1809,6,active
604,1651,2,active
604,654,1,active
605,1667,2,active
605,655,1,active
606,1804,3,active
606,656,1,active
607,676,2,active
607,675,1,active
608,677,1,active
608,678,2,active
609,680,2,active
609,679,1,active
610,989,1,active
611,1021,1,active
612,612,1,active
613,613,1,active
614,616,1,active
615,617,1,active
616,624,6,active
616,622,4,active
616,623,5,active
616,627,9,active
616,625,7,active
616,626,8,active
616,1510,10,active
616,619,1,active
616,620,2,active
616,621,3,active
617,633,6,active
617,631,4,active
617,632,5,active
617,1204,9,active
617,1202,7,active
617,1203,8,active
617,630,3,active
617,628,1,active
617,629,2,active
618,1238,1,active
622,1240,1,active
623,1241,1,active
624,1242,1,active
657,1409,3,active
657,736,1,active
657,1145,2,active
659,2251,1,active
662,1054,3,active
662,1053,2,active
662,1052,1,active
663,1167,2,active
663,737,1,active
663,1814,3,active
664,1604,3,active
664,1605,4,active
664,1601,1,active
665,1169,1,active
665,1607,4,active
665,1603,2,active
665,1606,3,active
666,1176,1,active
668,744,1,active
669,745,1,active
670,1380,2,active
670,774,1,active
671,1379,2,active
671,775,1,active
672,776,1,active
672,1378,2,active
673,777,1,active
674,778,1,active
675,779,1,active
676,1146,4,active
676,1225,1,active
676,1227,3,active
677,1230,3,active
677,1170,4,active
677,1228,1,active
679,1290,1,active
680,609,1,active
681,610,1,active
682,611,1,active
851,1109,1,active
852,1110,1,active
853,2201,2,active
853,1282,1,active
853,2202,5,active
902,1320,1,active
904,1153,2,active
904,1190,5,active
904,1287,4,active
904,1152,1,active
904,1154,6,active
904,1709,S21,active
906,1708,1,active
906,1781,6,active
906,1717,27,active
910,1151,5,active
910,1150,2,active
910,1186,4,active
910,1286,6,active
910,1149,1,active
910,1187,7,active
914,1135,5,active
914,1136,7,active
914,1174,1,active
914,1188,2,active
914,1189,6,active
914,1134,4,active
938,1345,1,active
950,1178,1,active
951,1200,1,active
952,1201,1,active
961,1676,ELPB,active
961,1299,1,active
961,1454,ELP,active
961,1353,2,active
962,1455,ELP,active
962,1300,1,active
962,1355,2,active
963,1618,3,active
963,1302,1,active
963,1359,2,active
963,1383,4,active
964,1619,4,active
964,1303,1,active
964,1384,3,active
964,1360,2,active
965,1307,5,active
966,1308,1,active
967,1309,5KW,active
967,1310,5,active
967,1311,1,active
967,1502,2,active
967,2203,s27,active
967,1711,S25,active
968,1506,1,active
969,1312,1,active
970,1314,4,active
970,1313,5,active
970,1780,6,active
971,1315,1KW,active
971,1316,4,active
972,1317,1,active
972,1318,5,active
972,1501,3,active
972,1319,2,active
972,1504,4,active
972,1505,6,active
972,1719,27,active
1001,1365,1,active
1001,1366,2,active
1003,1374,5,active
1053,1511,1,active
1055,1552,3,active
1055,1508,1,active
1055,1509,2,active
1055,2053,4,active
1079,1704,1,active
1154,1463,1,active
1201,1503,1,active
1202,1512,1,active
1251,1610,1,active
1252,1615,1,active
1253,1628,1,active
1301,1653,1,active
1302,1654,1,active
1304,1670,1,active
1306,1672,1,active
1306,1705,2,active
1353,1712,S27,active
1354,1713,S21,active
1355,1714,S21,active
1356,1715,S27,active
1357,1716,24,active
1358,1718,21,active
1359,1720,26,active
1401,1753,1,active
1402,1754,1,active
1410,1778,1,active
1451,1801,1,active
1503,2253,1,active
1601,2254,1,active
